Estado,Sur,Norte,Este,Oeste,Recoger,Dejar
0,0.0,0.0,0.0,0.0,0.0,0.0
1,-0.24258125992861784,-0.23897079499049545,-0.2401313848058636,-0.23887638584488197,-0.24012024874602098,-0.5912543375582219
2,-0.19318692818430627,-0.18982909686125163,-0.18849813736234078,-0.18896465879606314,-0.19267167591076365,-0.5880623039081039
3,-0.21344739424888298,-0.20955684854166018,-0.21031348017834384,-0.20920404088111805,-0.21261251721691893,-0.39591247168357036
4,-0.34697283562746645,-0.3382783347480635,-0.33829509596913104,-0.3387526061790105,-0.8711530390025591,-0.964384069443161
5,0.0,0.0,0.0,0.0,0.0,0.0
6,-0.33742023032572754,-0.337549491322983,-0.3380319436443424,-0.3293326410824132,-0.6850077438579423,-1.3267625078149878
7,-0.4670665545707327,-0.4588371971291149,-0.4646159591772751,-0.45838443738568824,-0.9720227714095084,-0.8814959029971731
8,-0.3985787613915297,-0.3978655629261119,-0.39950355813150623,-0.3984357251614854,-1.1515664539811357,-0.9673005926721485
9,-0.39773425348737307,-0.39729369909460094,-0.3917073432308106,-0.3888417726518059,-1.1465132794281268,-1.4992577761736157
10,0.0,0.0,0.0,0.0,0.0,0.0
11,-0.3202572433190411,-0.31863156101302476,-0.3119676776163571,-0.3190061550375662,-0.8679054693401352,-0.685731561380704
12,-0.4357509602494532,-0.4282926698565622,-0.428812759529036,-0.4290692317985397,-0.9648256473330036,-1.4155134427270553
13,-0.3660744576775646,-0.35866174319562305,-0.3568258495713696,-0.35933246256042556,-0.39921942322900955,-0.9677081340109447
14,-0.26713645796365487,-0.2578484973289733,-0.2596569273846361,-0.2596326785234578,-0.29956523861407713,-0.49282999124631865
15,0.0,0.0,0.0,0.0,0.0,0.0
16,-0.01,-0.0199,-0.01,-0.01,-0.1892960298802,1.17039701198
17,-0.16733659428013514,-0.16862950536836702,-0.166705611656776,-0.16986406797620618,-0.39491902969945014,-0.17664228910403812
18,-0.12761019090657122,-0.11983512095051269,-0.12801223257514305,-0.11915243107182452,-0.2976989611039001,-0.13209179706711296
19,-0.16714673394947321,-0.16986406797620618,-0.16743824170083513,-0.16976521637230124,-1.2309832802158742,-0.1740474482274803
20,0.0,0.0,0.0,0.0,0.0,0.0
21,-0.2510522648464754,-0.2477812323661694,-0.24899778365525088,-0.24778676147095707,-0.5871401788888034,-0.7770035633762009
22,-0.20478093017463722,-0.1995277650810866,-0.19966135650570283,-0.19746520972873952,-0.3965930646052473,-0.5884397064114865
23,-0.22052143635822638,-0.21966552776385476,-0.2196559332729495,-0.22789489558479287,-0.49126489870698997,-0.4954688923008868
24,-0.3380185897648672,-0.33837144201230895,-0.3393353590116007,-0.3395533661122468,-0.963779198555694,-0.8736474538947284
25,0.0,0.0,0.0,0.0,0.0,0.0
26,-0.32722960684769037,-0.3190882638805871,-0.3288691341562811,-0.3286483591901728,-1.2343830086749925,-1.237504927744248
27,-0.45671780930491,-0.44884505527241486,-0.4476734096278136,-0.4568471707358,-1.1420472624713771,-1.1481835759150298
28,-0.39728704375277746,-0.40703406580985735,-0.3982657566051689,-0.40000049570881757,-0.6826576681831558,-1.1528282148113926
29,-0.39868829427951114,-0.39869739125877146,-0.40718188782992487,-0.4063354600172669,-0.787345579994578,-1.0592596294754273
30,0.0,0.0,0.0,0.0,0.0,0.0
31,-0.3203557379658194,-0.31921038639884,-0.3176846970711,-0.3267157411250698,-0.6839505237091489,-0.8694589838181915
32,-0.42689904140585305,-0.4279645585454159,-0.42903580587925916,-0.4340647003859879,-1.3375363408337466,-1.5010673206765381
33,-0.36691598251619073,-0.3584122516545695,-0.35923880583797474,-0.3582052054744773,-0.8710010173131408,-1.0532966551207819
34,-0.27899505965509375,-0.27876584868579063,-0.26963958149887535,-0.2765637263447936,-0.5874471917898096,-0.9674275614241883
35,0.0,0.0,0.0,0.0,0.0,0.0
36,-0.030095000299000002,-0.019999000000000003,-0.019999000000000003,-0.021860001999999996,-0.1,-0.1
37,-0.1379381232148285,-0.1393264021053382,-0.1497107460682289,-0.14237709082140054,-0.2975010397049999,-0.2990727858531293
38,-0.10879246930834122,-0.09995120832792244,-0.09948691518190027,-0.10160008465330532,-0.1,-0.39424272218902
39,-0.14785590091522768,-0.14950052872123912,-0.14862754268772072,-0.15097038584182612,-0.19958418850798001,-0.9588749812914709
40,0.0,0.0,0.0,0.0,0.0,0.0
41,-0.2686468192861802,-0.2694518560885675,-0.26946588696888824,-0.27688809773497464,-0.6842027769860531,-0.7763279295987054
42,-0.32508471010910484,-0.3266493143791047,-0.32968787087334517,-0.3293118718917678,-0.7801959460751355,-0.967461835663924
43,-0.22999897754520882,-0.23951822950299143,-0.23812398575824184,-0.22964451058478835,-0.4940996635746373,-0.3961982680409819
44,-0.26080067336735835,-0.2596488263239909,-0.2551814235841737,-0.2593723355870821,-0.490198501,-0.8708949794553059
45,0.0,0.0,0.0,0.0,0.0,0.0
46,-0.2788161278419717,-0.27752093843505526,-0.2773483136558648,-0.2694774449328157,-0.9617463464901286,-0.4932362211903549
47,-0.35270699302890235,-0.34897371165681196,-0.35530066833604235,-0.34844103335548876,-1.1436045415277805,-0.9639392926450611
48,-0.3838821974205384,-0.379088446593073,-0.38479089002869515,-0.37836751332750157,-1.499532089750075,-1.3242039290960625
49,-0.43802137009163383,-0.4361204699066044,-0.430769447764184,-0.42889254686190215,-0.9658595773592062,-0.6854813733663486
50,0.0,0.0,0.0,0.0,0.0,0.0
51,-0.3214480969091498,-0.31922038105087325,-0.3288410155246243,-0.3194048246245256,-0.871016744850979,-1.1415676086570254
52,-0.3478384234180595,-0.3477395844000988,-0.3535982500023484,-0.34893372435699793,-0.9682763278579266,-0.9670902030495517
53,-0.34656261873318867,-0.3385478188442026,-0.3481593937605466,-0.33891765248995565,-0.8720983970275347,-0.39816406434056684
54,-0.23057701256756472,-0.22945260190272854,-0.22970942970170297,-0.22974716732691278,-0.5899632037388949,-0.39541086429352357
55,0.0,0.0,0.0,0.0,0.0,0.0
56,-0.11924716829217089,-0.10994501649670047,-0.11086333253626096,-0.10994306756051167,-0.19999,-0.29790349034638003
57,-0.04028706805551071,-0.04969406009701,-0.049518820098802,-0.058813890499,-0.1,-0.1
58,-0.12885121401098432,-0.11934918020311251,-0.12094180121539647,-0.11983512095051269,-0.19939495109401,-0.1994938925790996
59,-0.09907745366495249,-0.08996400839874014,-0.080730360619482,-0.08986702700398812,-0.29740498030099005,-0.29760291100989955
60,0.0,0.0,0.0,0.0,0.0,0.0
61,-0.26117465017052,-0.2683231479931783,-0.2603662070717981,-0.26995740784701017,-0.5875518565267936,-0.779541866404184
62,-0.3281383992223421,-0.32896493382288955,-0.3286905778233139,-0.3356275433290452,-0.8713512262680463,-1.3265094855096944
63,-0.229703651329045,-0.22906778103376163,-0.23745370603786056,-0.23017853468867946,-0.49343508105339334,-0.2981851534432579
64,-0.24067522490372925,-0.23949109698466822,-0.23439919962024514,-0.24038596779418972,-0.297501030199,-0.6818676903291967
65,0.0,0.0,0.0,0.0,0.0,0.0
66,-0.26781667879235166,-0.25926629343388685,-0.2641703736239985,-0.2688454642747348,-0.591850245775985,-0.2985796071953325
67,-0.3234459655569711,-0.3293304741383596,-0.3299317394240004,-0.32251591796081647,-0.39679674768139117,-0.39865782211070083
68,-0.3702164077691043,-0.3678031819684021,-0.36638554293556863,-0.36893790628162926,-1.0565027564967195,-0.6857879301649382
69,-0.4398259044970261,-0.43881283312756536,-0.44652911048634175,-0.4369645718025778,-0.9656512554411549,-0.6841763931612088
70,0.0,0.0,0.0,0.0,0.0,0.0
71,-0.33069893322436045,-0.32897909557917326,-0.33864893576825,-0.3281821482251113,-0.6816878079293895,-0.6848977102925999
72,-0.32956169298509475,-0.32754339095085927,-0.3372511351414439,-0.3223938736953664,-0.9658528656303824,-1.1441176215231277
73,-0.3299895485064045,-0.3289917278761509,-0.3264377364212914,-0.3311604999619159,-0.4953053382083216,-0.49303682299042917
74,-0.23057068736368666,-0.22870249071661838,-0.22946757849967014,-0.238265249230653,-0.39700210442169287,-0.6829310600225968
75,0.0,0.0,0.0,0.0,0.0,0.0
76,-0.12898614041415496,-0.11983512095051269,-0.12095190669313606,-0.12849670092622242,-0.2979891162353442,-0.2984780773737512
77,-0.0299967962392,-0.0298,-0.020093089461598,-0.030097901491079108,-0.19909900000000003,-0.297109
78,-0.12976847819485599,-0.13912669994502302,-0.13126400057261867,-0.138455144689928,-0.7758648891797291,-0.19949202882879022
79,-0.09907393270973952,-0.09995501199790026,-0.10185671662856535,-0.10831503935895279,-0.19958417880499002,-0.29799378790461967
80,0.0,0.0,0.0,0.0,0.0,0.0
81,-0.2695063699986481,-0.26811943212485145,-0.2691544362607912,-0.2772218084758766,-1.232728177095687,-1.4074013615319283
82,-0.319354113819481,-0.328785936495135,-0.3278721780989595,-0.3291377866894504,-1.1449032466816025,-0.6825747968526419
83,-0.23811673789558127,-0.22974717701148364,-0.22963966968596217,-0.23108840012558857,-0.5910749499847825,-0.4927725311217306
84,-0.2024729389391953,-0.20961699601428707,-0.20967895694114255,-0.21156205009053217,-0.2113952265034229,-0.5887044049660191
85,0.0,0.0,0.0,0.0,0.0,0.0
86,-0.23108130010961622,-0.22963681041836906,-0.22900393530781962,-0.233979030271609,-0.23256382813880325,-0.8748002765386034
87,-0.27682845729183253,-0.27945668491137765,-0.27844273218932564,-0.28490408847054083,-0.28823146720890347,-0.3990355371357025
88,-0.3502242906773382,-0.348821130004247,-0.34836310013008587,-0.351824965416404,-0.9650701740408159,-0.9653765132991371
89,-0.4512549590691602,-0.44834050839583584,-0.44887576139434227,-0.4469791180877136,-1.6758591200941926,-0.7800293032678838
90,0.0,0.0,0.0,0.0,0.0,0.0
91,-0.33026662980646526,-0.32852071530834376,-0.3293528518330591,-0.33929919230407735,-0.49438800845310393,-0.7838417978199904
92,-0.32941410051024766,-0.3288707154079803,-0.3288506706775614,-0.3272099210803622,-1.4949256930794736,-1.5005311542525734
93,-0.31726919886030913,-0.3194855880116006,-0.3185292966336499,-0.3198169243052625,-0.966517845879415,-0.8727325484593665
94,-0.2372969739672364,-0.22974717701148364,-0.22906269829571616,-0.2388885922998684,-0.49369316477889097,-0.5882258875354759
95,0.0,0.0,0.0,0.0,0.0,0.0
96,-0.14799787145713855,-0.13990045346218585,-0.139909036389992,-0.1476057578985478,-0.775262343641997,-0.1446677852382134
97,-0.01,-0.0199,-0.01209800998,-0.01,-0.1,1.3586930418602
98,-0.16720288453838797,-0.15987138944193682,-0.16976616622179053,-0.1769159133187053,-0.4941776462063869,-0.16380334879618513
99,-0.16463530856565484,-0.1597811944917504,-0.15975856677648662,-0.1552259404767283,-0.4915027854711614,-0.1600455577297485
100,0.0,0.0,0.0,0.0,0.0,0.0
101,-0.25904058531434493,-0.26414496477060745,-0.26800008308142736,-0.25967429168398365,-0.6861825525643515,-0.4940053084088831
102,-0.22358394415902014,-0.22462113612016077,-0.23042721565122903,-0.22777021084593052,-0.49355506964255996,-1.0541797314094592
103,-0.2419495087369334,-0.23445219627573088,-0.23788415481861924,-0.2396731283859782,-0.778337588049691,-1.2311245959138017
104,-0.3418492080744437,-0.33982942260473126,-0.3366218373666932,-0.33830322017724795,-1.6763098354831998,-0.5896803482206091
105,0.0,0.0,0.0,0.0,0.0,0.0
106,-0.32376067373581824,-0.33028875121721046,-0.3253617550202549,-0.329107488172978,-0.6840041624261151,-1.2345638854939385
107,-0.4675414280583995,-0.4584763902858571,-0.46624200112570807,-0.45860613313168214,-1.3224376756083687,-1.84748021230302
108,-0.3940935652867901,-0.39750502859339293,-0.387804006238576,-0.3890878557896749,-1.4094819560870429,-1.6690047083352009
109,-0.3909256967046621,-0.38751033296450094,-0.39268449713870807,-0.38879296619905374,-1.4131121812609184,-1.4146492225706622
110,0.0,0.0,0.0,0.0,0.0,0.0
111,-0.3178815869648273,-0.31671536801877986,-0.3212877615289648,-0.31920534288052016,-0.9587990129776175,-0.7766536421194074
112,-0.43513518299493986,-0.429034629369493,-0.42629742132318094,-0.42895860688703336,-1.4993304253242814,-1.1469003215349636
113,-0.35825155293317434,-0.3585396049134848,-0.36668625384779524,-0.3591654836177417,-0.7800933377770394,-0.8692007095666706
114,-0.25979536936249087,-0.2668663808540731,-0.2690640496850066,-0.25957455106490135,-0.29818227326429414,-0.7787560467910988
115,0.0,0.0,0.0,0.0,0.0,0.0
116,-0.0405819323224231,-0.03723012033940001,-0.039990109501,-0.03999400039999,-0.29701,-0.29730697030099
117,-0.1383598977711832,-0.1316048945481173,-0.1388435448568644,-0.12981638878917445,-0.4906904620999205,-0.29779210049398064
118,-0.09821110011308565,-0.09118134270703022,-0.08948829388466177,-0.08966527602361939,-0.49145309819016936,-0.4920420264339618
119,-0.13933404746980535,-0.14132879543445126,-0.13785285838180142,-0.13990325880253904,-0.491753946650542,-0.5865647541231123
120,0.0,0.0,0.0,0.0,0.0,0.0
121,-0.26838010972517173,-0.2671400339771536,-0.2596387143341317,-0.25941332782969767,-0.686911381019413,-0.5903360387488655
122,-0.2339200726449557,-0.23283904225236104,-0.22925456508597958,-0.23829874303638066,-0.4915569199910599,-0.29917709029899997
123,-0.23107299965240816,-0.23511729674442464,-0.22897603688433857,-0.23864301699865392,-0.8694540348335662,-0.5914388918763702
124,-0.3262470774030635,-0.32979449246551074,-0.32870421085071727,-0.3316692969548362,-0.8714414467578446,-0.7789778552606772
125,0.0,0.0,0.0,0.0,0.0,0.0
126,-0.3166557328221534,-0.31969397619103584,-0.3192948982814546,-0.31922817440337353,-0.8724340696563618,-0.868222124839412
127,-0.45789174070946337,-0.44845089576662445,-0.4485138999559696,-0.45052089584015104,-0.7801521879458272,-1.156861650903205
128,-0.3874505812587558,-0.38700228775186557,-0.38912966001897076,-0.3962797085752495,-1.4134422596190004,-1.324586506191665
129,-0.40293534072134735,-0.40597247544452975,-0.4091627271145809,-0.4054586646724265,-1.9259805345868473,-1.5045459249304662
130,0.0,0.0,0.0,0.0,0.0,0.0
131,-0.3285110242059478,-0.3272332563518946,-0.31910195244361556,-0.32735916504085205,-1.237311270217281,-0.7821451323549725
132,-0.42086220554471526,-0.4189503441383366,-0.41672805090578535,-0.41914201595195066,-1.415723953165495,-1.422569129438776
133,-0.35614187619939475,-0.3502016932081835,-0.3483546085241901,-0.3513838234010336,-0.9644995214170438,-0.49702684917857676
134,-0.2698351411336481,-0.2787879697337587,-0.2695514883310588,-0.26890084449442353,-0.29779983221520684,-1.1425367834717186
135,0.0,0.0,0.0,0.0,0.0,0.0
136,-0.05998607612587059,-0.0492069601,-0.0498910306969801,-0.039895990498,-0.29759709950299,-0.199
137,-0.11933294239227404,-0.12088603041608277,-0.10955229111447412,-0.11099236125946789,-0.6810172077951647,-0.5870651046705269
138,-0.09860658953537321,-0.09080954568587829,-0.08986314651396549,-0.08966065399269522,-0.3953110303148098,-0.39463185080295987
139,-0.12875293896983456,-0.13116731776293605,-0.1299161930260397,-0.1304731074461968,-0.39491710920100004,-0.3943359001
140,0.0,0.0,0.0,0.0,0.0,0.0
141,-0.27671575417030647,-0.2699906118390509,-0.2692998493610834,-0.2696316893110821,-0.6847992333138533,-1.1451265401381492
142,-0.30446092320643936,-0.31808858495094056,-0.2999696408895417,-0.29883393161354965,-1.1506824265685176,-1.0531603628063808
143,-0.23343068297895542,-0.23658818404314305,-0.2372318218132038,-0.22967221181464612,-0.5893257906054568,-0.6848456431230161
144,-0.2713766448997527,-0.26691042087819933,-0.26552841811466965,-0.2692339020685332,-0.6839244278288643,-0.8679348501435831
145,0.0,0.0,0.0,0.0,0.0,0.0
146,-0.2813890430120813,-0.27836341519728713,-0.27677703791990516,-0.27950061700415635,-0.7774962754015671,-0.7798456022127913
147,-0.37403572831912285,-0.38336042805488363,-0.37520488151211434,-0.3790434076404597,-0.6862476487620726,-1.2394754488543558
148,-0.39070992083565065,-0.39291198412758427,-0.3856368348741362,-0.3889053907565926,-1.3233257340052105,-1.2397538526634242
149,-0.4417743491154882,-0.43601537505129423,-0.43946100444569464,-0.4380036621247205,-1.2382527139512145,-0.49870046709618815
150,0.0,0.0,0.0,0.0,0.0,0.0
151,-0.33081062820875135,-0.32731530890944416,-0.32951667472005775,-0.3292723327882835,-0.6858709277418436,-0.9649106229901029
152,-0.36148010936359426,-0.35804559440249206,-0.3626211346173186,-0.3592939885034349,-1.3237298099564325,-1.2348499362496461
153,-0.3299215313864901,-0.33819352073889397,-0.3380468736930077,-0.3293525570154536,-0.39561697543510416,-0.8752915044596233
154,-0.23164997750200833,-0.22800912638968684,-0.22985010284512378,-0.22859062400959104,-0.5907602227199489,-0.39726795624465844
155,0.0,0.0,0.0,0.0,0.0,0.0
156,-0.10888416149041245,-0.11079411041235426,-0.11052314343768305,-0.10994501649670047,-0.297109,-0.5861852687454331
157,-0.05038382556709859,-0.059398971287118414,-0.05007928820599,-0.04969406009701,-0.1,-0.1993920693059607
158,-0.10889606032596426,-0.11060354053042351,-0.11068145880916873,-0.10984323510092686,-0.19999,-0.49048960050100004
159,-0.08994791730090773,-0.08948375138895169,-0.08939534230884322,-0.0894722637468352,-0.49125813552792014,-0.1
160,0.0,0.0,0.0,0.0,0.0,0.0
161,-0.2786016861098143,-0.2598952633234645,-0.2694323564452758,-0.26945054210265645,-0.4925599697702594,-0.9637217971171291
162,-0.3216656378130725,-0.31968778575680323,-0.3206987583020398,-0.325045453906183,-1.41342322981853,-1.0540972818794367
163,-0.2289668720057753,-0.2195697021830786,-0.22926654383056527,-0.22210122100392377,-0.3972821852838627,-0.3985705342757645
164,-0.24954868529653548,-0.24661008431837675,-0.24802520649259754,-0.24305293674615033,-0.4934252691272494,-1.054184832466162
165,0.0,0.0,0.0,0.0,0.0,0.0
166,-0.269497825304843,-0.26149046903907086,-0.268655418163125,-0.27037176789744466,-0.299287479688473,-0.3970782789294491
167,-0.3528723523452754,-0.3535087834615025,-0.34458648536509695,-0.350856037042375,-0.9645478243487131,-1.146684191695366
168,-0.3717242685144764,-0.367631683906028,-0.36455849585611766,-0.37089519655744396,-0.7798324503658565,-1.1517576986025664
169,-0.44306771157286445,-0.44700509760774715,-0.4396356492085513,-0.4493391898692771,-1.4145616735141382,-1.50521040197378
170,0.0,0.0,0.0,0.0,0.0,0.0
171,-0.33184427130723027,-0.3279308239207139,-0.3289391101577641,-0.336937843733311,-0.7816313340269342,-0.4928445829111043
172,-0.33843260563411465,-0.3288783690149534,-0.3368098549398581,-0.33210933589915337,-1.3220160539278387,-0.7770646722210647
173,-0.32925346264075694,-0.32918254669863656,-0.3349470914617716,-0.3305694567807902,-1.1446724739629448,-1.0539211597659264
174,-0.22882148987697246,-0.22942668713429856,-0.23050574656234837,-0.22800938316275837,-0.39648014245257235,-0.39715538038827647
175,0.0,0.0,0.0,0.0,0.0,0.0
176,-0.12032022154307831,-0.1202043457286526,-0.12001317025710441,-0.12878937076628055,-0.19999,-0.19919701
177,-0.050377015240161284,-0.04950001,-0.04969133733980998,-0.04998517851978169,-0.3941389,-0.297109
178,-0.12879330176116285,-0.1199350888168129,-0.12039481265135137,-0.11888237417577757,-0.4915550372228803,-0.6811843363243977
179,-0.09887362112043671,-0.0805587705127293,-0.07988539676537217,-0.08965398898321544,-0.4907866369561028,-0.1
180,0.0,0.0,0.0,0.0,0.0,0.0
181,-0.2695653045141382,-0.2789770260023797,-0.27884076312176764,-0.27753142887317644,-0.966224996298639,-0.5893936060527585
182,-0.33169778550140766,-0.3259874752338819,-0.32830406891869673,-0.3263436335501066,-1.146529817511739,-1.4956232077817497
183,-0.22715311204242472,-0.230515128202984,-0.21956403836993946,-0.21993696638087323,-0.6826471329687307,-0.8710068956642767
184,-0.2405492996645626,-0.23472797235555762,-0.23838673863813256,-0.23143061803828266,-0.776989836713079,-0.39733769162458854
185,0.0,0.0,0.0,0.0,0.0,0.0
186,-0.25735721451588267,-0.26607586828724633,-0.2596640061079922,-0.2590030640929262,-1.1458553177236621,-0.6841813433653203
187,-0.323287276904018,-0.328173561052019,-0.3194076046831371,-0.3224971377472488,-0.7769149901381129,-0.7815174513731271
188,-0.35282653470603526,-0.35700131839501037,-0.34918243550850825,-0.3510827862385828,-1.4971618371754676,-1.2311542227190035
189,-0.44964767122388466,-0.4551548993745926,-0.4487059602035124,-0.4572024896925729,-1.2395640080155066,-1.0617576179337465
190,0.0,0.0,0.0,0.0,0.0,0.0
191,-0.33145945419439476,-0.3363895905715608,-0.3283017716591878,-0.33733434918815586,-0.39600659753688927,-1.055824944469918
192,-0.33454340210001526,-0.3284823208645151,-0.32841244343072434,-0.3298139352561407,-1.5878376561985466,-1.7539188782846904
193,-0.31850031448811994,-0.3183761170108077,-0.30944051666774464,-0.3123666176283087,-0.39482881073645243,-0.6815751833465121
194,-0.23005183880249233,-0.23881378662343217,-0.22955057053760797,-0.2388632407578248,-0.7748787586702017,-0.8690875603045923
195,0.0,0.0,0.0,0.0,0.0,0.0
196,-0.11973727403126404,-0.12099162565973418,-0.11964034888846516,-0.12906143068071085,-0.5864715282976121,-0.490099501
197,-0.03028905039601,-0.02397293672658202,-0.029997000100000004,-0.04008907029601,-0.1,-0.1
198,-0.13920958235773173,-0.14072859563687018,-0.13989537474815839,-0.13854387721161163,-0.6811131049408563,-0.19999
199,-0.10746107915187803,-0.1028144481500023,-0.09985707058432158,-0.09899039672534683,-0.6814775721199863,-0.2980880558672504
200,0.0,0.0,0.0,0.0,0.0,0.0
201,-0.25706088221934503,-0.25872661453207274,-0.2600220351608998,-0.2595706807264115,-0.5884106745351297,-0.49214191257051765
202,-0.24233589154581256,-0.24500248632131783,-0.23931602512419414,-0.2390470854586148,-0.49293037115001515,-0.5884010206973838
203,-0.258813001480982,-0.25603432344647414,-0.25565394127252555,-0.24966715603752962,-0.8715989902603921,-0.4910805027939403
204,-0.35376105165869265,-0.3463473282971866,-0.351262199091728,-0.3487217646773711,-0.8692706491855643,-1.1466881897291161
205,0.0,0.0,0.0,0.0,0.0,0.0
206,-0.29464534816426696,-0.3039160038047192,-0.30033430787972476,-0.2985548394099961,-1.4089228024022757,-1.322464872391862
207,-0.472449354696767,-0.4649411050326922,-0.4731978437960387,-0.4686552969658427,-0.5935720672720266,-1.6778630558841308
208,-0.37846154552713845,-0.38066795780334123,-0.3710658121777838,-0.3791984426293633,-0.6856236974677838,-0.7800176247512981
209,-0.36806206840092814,-0.3626692859594704,-0.3600296708017276,-0.35917436237257033,-0.7779260974430091,-0.8774042085303474
210,0.0,0.0,0.0,0.0,0.0,0.0
211,-0.32467718676397656,-0.31731984745437253,-0.3197854672544881,-0.3189818422444519,-1.0530242398698422,-0.8662991145749692
212,-0.41880924088783755,-0.4199335501857791,-0.42150946804664635,-0.41861275737935894,-1.1537719410707348,-1.6727228333219255
213,-0.3477537066651527,-0.35008477902961577,-0.3464762398121147,-0.34914313211782344,-1.1472773337969342,-1.1501074718612994
214,-0.25783911205096444,-0.2671308830972853,-0.2577241082877836,-0.2596075567192802,-0.774888463032772,-0.29770180369866195
215,0.0,0.0,0.0,0.0,0.0,0.0
216,-0.0812089115340683,-0.08805943627454169,-0.07948408210730756,-0.07996815409919307,-0.19919701,-0.19909900000000003
217,-0.13113297256784268,-0.1293803999942781,-0.1273435005326621,-0.12943145992549876,-0.3948163031913118,-0.29749617860599004
218,-0.07780280717287989,-0.07092520598979787,-0.07008085425648657,-0.06987810317581221,-0.29750968315561155,-0.1
219,-0.1319759261698529,-0.12973360160367597,-0.13752112412119463,-0.1299220285928513,-0.297109,-0.6810970453118237
220,0.0,0.0,0.0,0.0,0.0,0.0
221,-0.25849836023084255,-0.25740354849394864,-0.2606103381568197,-0.25828614248145254,-0.2984770034453269,-0.49264215634341907
222,-0.25713898170891103,-0.25480929352859233,-0.25317000864144373,-0.257881038490345,-0.7761395517309534,-1.1424091289998046
223,-0.2486555323440568,-0.24729292958405552,-0.2455340638327809,-0.2517634896529231,-0.9603140281791086,-0.8694423335271264
224,-0.3170800487160094,-0.31963205609414724,-0.3118396950014424,-0.3148178678047937,-0.9630902261868146,-1.2362714739284844
225,0.0,0.0,0.0,0.0,0.0,0.0
226,-0.30642006883024825,-0.30147865379340166,-0.3036707314268184,-0.3162074247605102,-0.8679976889966319,-0.9669153884548506
227,-0.4466349868329246,-0.4493724068572952,-0.450394361432643,-0.441765494229717,-1.7499013186757564,-1.3268497788123756
228,-0.37862765698480316,-0.37774561020892444,-0.3808725160847626,-0.385856952331997,-0.7807043642741738,-1.5838669355379784
229,-0.39991209329840643,-0.40284861194411953,-0.4025883412319268,-0.394684413736359,-1.1437051419414697,-1.4160947443832248
230,0.0,0.0,0.0,0.0,0.0,0.0
231,-0.325804838723395,-0.3201396034792416,-0.32540157542033854,-0.32843315455692546,-0.6856733602750253,-0.9634799710385608
232,-0.40233411844522,-0.3942132298874749,-0.3986297878721702,-0.4026120538006288,-1.5945639532822014,-1.331190638182565
233,-0.3380306783686213,-0.3398417145339295,-0.33924968139572315,-0.33075967429152064,-0.6878854088186446,-0.7798965575528815
234,-0.25900579445928296,-0.2597139221226107,-0.26771905102958166,-0.25827318315629316,-0.8731175468431068,-0.7785596002982444
235,0.0,0.0,0.0,0.0,0.0,0.0
236,-0.06969073968962791,-0.07889338375868091,-0.0706521984138861,-0.0795972770959616,-0.19909900000000003,-0.1
237,-0.09935600002537204,-0.09978133606763168,-0.09841639115155047,-0.10143546878688697,-0.1,-0.3950274266078629
238,-0.089191759149127,-0.0804404651471237,-0.08045883916945318,-0.08947802542323213,-0.199,-0.49147438308067926
239,-0.11849798904913594,-0.12041480965753122,-0.11802200133186291,-0.11082328078246176,-0.19919701,-0.5879428359912651
240,0.0,0.0,0.0,0.0,0.0,0.0
241,-0.26724482618993706,-0.2600452092149371,-0.26101483602844217,-0.25878296130852885,-0.39591261460612104,-0.5909694539414739
242,-0.29158352122459164,-0.29243518021465004,-0.28637150580678417,-0.28475423743766526,-0.7810686766146208,-1.0558770528589814
243,-0.2411252621503399,-0.2456338400549738,-0.24347178966012303,-0.24323121484164564,-0.7774347998388824,-0.7765077852699348
244,-0.28116672074505755,-0.27717361409685204,-0.2742766521254845,-0.2761781136282646,-1.2323239471117486,-0.6853672773259998
245,0.0,0.0,0.0,0.0,0.0,0.0
246,-0.2893647578732414,-0.28430727783797777,-0.2835040606255708,-0.29022625224676224,-0.7786960315805956,-0.9647365206917774
247,-0.40566586459193793,-0.4010779147660369,-0.4126301677618849,-0.40534038497678093,-1.0605261923309557,-0.7777951126010373
248,-0.388237345469522,-0.3953967917904421,-0.3881466600367268,-0.3963983591436528,-0.8760906071967473,-0.9614120517290503
249,-0.43226067620399516,-0.43361998324133433,-0.42989389683760415,-0.4345807516874664,-1.237107030128443,-1.055660924768969
250,0.0,0.0,0.0,0.0,0.0,0.0
251,-0.3278105689489791,-0.3269137300366538,-0.3194314103804643,-0.32816785382217434,-1.1381984401397225,-0.8740041784395429
252,-0.3671259792262371,-0.3745312069337311,-0.3691683231810866,-0.37623822589086947,-1.3193835340835793,-0.7804628619498354
253,-0.3455485508981765,-0.33639826505796644,-0.33353714875283036,-0.33034155769363244,-0.39793778488214043,-0.5871428324581826
254,-0.24992034225338391,-0.2563116572261378,-0.2596827064433532,-0.25071353539849556,-0.5876327196376271,-0.4917719419708175
255,0.0,0.0,0.0,0.0,0.0,0.0
256,-0.08909284762510133,-0.0897955661505842,-0.09112132976369457,-0.08956060148924185,-0.39463271437293157,-0.39532056807549437
257,-0.06978693222757726,-0.07861948920947939,-0.06987609620450853,-0.07103166935235003,-0.1,-0.2971099801
258,-0.09897171550893911,-0.10071456585307073,-0.09083911990016777,-0.09945688553615656,-0.19919799980299002,-0.3950256185798472
259,-0.08940241598885884,-0.0895610982678052,-0.09859335034113792,-0.09137031673954694,-0.490198501,-0.395613209833413
260,0.0,0.0,0.0,0.0,0.0,0.0
261,-0.2712220041000406,-0.27814868054044906,-0.270049625240189,-0.2764270659511019,-0.5889012667791814,-0.49478158508951603
262,-0.33357139674774683,-0.33576502958503895,-0.3324090454880449,-0.33064851651838295,-1.236190491018488,-0.8701469734902417
263,-0.21677631576099188,-0.21956566607687894,-0.2266595941849927,-0.22527556183271544,-0.49456431479910595,-0.29781306130977836
264,-0.25760734996376816,-0.24920172626369835,-0.2584608044091607,-0.2532598575531988,-0.29997000100000004,-0.5879251046954839
265,0.0,0.0,0.0,0.0,0.0,0.0
266,-0.27684369484220084,-0.2696908079090468,-0.268968828725945,-0.267236457856891,-0.87070386596236,-0.963678276012382
267,-0.38158521234362097,-0.3839792941461189,-0.38556841839714195,-0.3854744802969385,-0.593063342225115,-1.0576164204503717
268,-0.3776382273338241,-0.37575039495819945,-0.3771435261752521,-0.3797483585731074,-1.4144162568106287,-1.5819199079542694
269,-0.44036672549453376,-0.4432468868396791,-0.4462959823183365,-0.43711310053487307,-1.3296645275337013,-1.6757274594079277
270,0.0,0.0,0.0,0.0,0.0,0.0
271,-0.3334008434207021,-0.3370621096835882,-0.3371049739095681,-0.3380600698360468,-0.7772065532263905,-1.0631141642930215
272,-0.32996153121754124,-0.3288347515037566,-0.3359082127656949,-0.337214719807681,-1.323154240990512,-0.9648852524240492
273,-0.31275029513062796,-0.32015358952659684,-0.31528432628603875,-0.31305152851959966,-0.9667476944385348,-0.6834527549878515
274,-0.24708889063779316,-0.23745875169422911,-0.2391211813551399,-0.24017892698477417,-0.5901407704207171,-0.776626163879164
275,0.0,0.0,0.0,0.0,0.0,0.0
276,-0.12168721874985494,-0.12917248132198839,-0.12020850041029263,-0.12752236321707267,-0.3957904221907763,-0.490198501
277,-0.07134419068227613,-0.07880531053253177,-0.0697695757110004,-0.07008450629808728,-0.39453093019900004,-0.39452995990000006
278,-0.12012924187922955,-0.11954158483375142,-0.12074328672790943,-0.12794143374676992,-0.19998562159869182,-0.29760097109012873
279,-0.07824273101590781,-0.0708375305385323,-0.06977902960203744,-0.07067148644525205,-0.297109,-0.1
280,0.0,0.0,0.0,0.0,0.0,0.0
281,-0.2791621343501384,-0.27951150903543953,-0.2791322847392125,-0.2697242491303246,-0.9633601590840397,-0.8729287402755066
282,-0.35217014532647983,-0.3465545387691116,-0.3489727377390458,-0.3548783976112582,-0.9646976682719864,-0.6844994287804905
283,-0.2181245271975835,-0.22102823477325922,-0.21965277615020073,-0.21229851491234136,-0.7760787527995376,-0.29948054922223266
284,-0.24765812700425582,-0.24793378152067191,-0.23931883940849905,-0.24123214408591817,-0.5894024978887462,-0.4918661599821736
285,0.0,0.0,0.0,0.0,0.0,0.0
286,-0.2677661119291853,-0.26834946494961454,-0.2593809274291987,-0.26081890309818717,-0.39699131638398233,-0.2989626194242571
287,-0.3620640979894035,-0.36252963707547226,-0.3591755596058495,-0.3628494597250088,-1.055299525429731,-0.968767864596433
288,-0.36677040773597935,-0.36467075085312123,-0.3589666954588541,-0.36110981625151517,-1.7552409943050908,-1.6665758699908781
289,-0.4399611509628463,-0.44709985891220605,-0.43874400553117965,-0.4467223092916271,-1.4145686819969563,-1.3303952417501423
290,0.0,0.0,0.0,0.0,0.0,0.0
291,-0.34185449714509497,-0.34678702200933686,-0.33940382794292456,-0.3393223638305112,-1.146513629996615,-1.229124877379406
292,-0.3139838549565136,-0.32118061034987383,-0.3193187942655187,-0.3222558388891021,-1.2384283782894736,-0.6822620433389543
293,-0.3074316954324373,-0.2987598171318362,-0.2995457207435813,-0.30209091151202716,-0.96313111932792,-1.4101544694707588
294,-0.2303029798096749,-0.2397946404836668,-0.23962600663441658,-0.23866246057242846,-0.49237235470479745,-0.7793341474636696
295,0.0,0.0,0.0,0.0,0.0,0.0
296,-0.12102361796227519,-0.11976312480620144,-0.11993304277678805,-0.12910193281155577,-0.2984830186536148,-0.5861833675491099
297,-0.06018091479300247,-0.068674061253016,-0.0693891700850803,-0.06979068787842438,-0.39511113999099085,-0.49048960050100004
298,-0.12953562487171857,-0.13029713796931822,-0.12962265212381213,-0.13884733267907612,-0.7755607947256576,-0.199
299,-0.0690980993039701,-0.06123284620839361,-0.0696831217819312,-0.06989626334157643,-0.1,-0.1
300,0.0,0.0,0.0,0.0,0.0,0.0
301,-0.25391377545605304,-0.25946287440298416,-0.24959185962966007,-0.24955714029498746,-0.4938018855058424,-0.2987797354826675
302,-0.2602961914048267,-0.2548482957595839,-0.2585064884457858,-0.25886125032595947,-0.8720068116272252,-0.6834078110468712
303,-0.2584814501926729,-0.26767735588869285,-0.2589777942534434,-0.25963944533529054,-1.411621809244543,-0.9649848478513057
304,-0.38247503055753274,-0.37206235735247706,-0.37823639581217305,-0.3687132388430521,-0.87784616371276,-0.6868243062240517
305,0.0,0.0,0.0,0.0,0.0,0.0
306,-0.27798786590114843,-0.27865317631850534,-0.2775866326366593,-0.2687699303888275,-1.665610326671577,-1.3219662517598665
307,-0.4965511259430424,-0.5007109539496434,-0.4986786410098892,-0.4981955510856108,-1.5047481983738986,-1.4226096722846848
308,-0.33166560025656344,-0.33605832210154535,-0.32861718140544155,-0.3294686653663542,-0.8723611612906941,-1.0533051541303988
309,-0.3084925189100215,-0.3037801907891851,-0.3089466402550693,-0.2994278128995785,-0.7794781748710968,-0.8730326916625576
310,0.0,0.0,0.0,0.0,0.0,0.0
311,-0.2843459326383247,-0.28164656003450517,-0.27961366316349656,-0.27923126498769324,-0.588915717039494,-0.9675705945774099
312,-0.4227742077023388,-0.43163270273049553,-0.42860208305846803,-0.42892491432806396,-1.3289234492283233,-1.4181131134350031
313,-0.35786307747507395,-0.36695043387540416,-0.3591550784397969,-0.35914757259817187,-0.8749127759166259,-0.7802597841144163
314,-0.25809409381661436,-0.2594379057725808,-0.24969530176716076,-0.2593798053533039,-0.6840917486033018,-0.6821639770199812
315,0.0,0.0,0.0,0.0,0.0,0.0
316,-0.13249818321818244,-0.1272978442412349,-0.12972522540432488,-0.1299220285928513,-0.3952206643520456,-0.19919701
317,-0.15271356611254785,-0.15763068169737668,-0.149895045486353,-0.1496982816564963,-0.5888825111361806,-0.39443486069997014
318,-0.031562992,-0.030386089999,-0.029878408000000002,-0.039952062019000006,-0.199177408,-0.1
319,-0.16235223892472936,-0.16641611058844005,-0.15950191989758133,-0.15986575260297178,-0.3951237226326267,-0.49224654820265934
320,0.0,0.0,0.0,0.0,0.0,0.0
321,-0.24740023523833277,-0.25138185058168605,-0.25003678178490807,-0.24931947589223377,-1.1460524596340094,-0.7775494406823846
322,-0.24968344733567752,-0.25928860156953004,-0.2496574622576373,-0.2592830298722467,-0.6859746862031635,-0.6840341272228193
323,-0.2477311682069832,-0.24933250887489014,-0.25839510159749424,-0.24938861866427306,-0.8691124090947219,-0.7793220325970719
324,-0.307445201407044,-0.31069415397593303,-0.3055630115717321,-0.30882457944496494,-0.4962291867775608,-0.6861421793408045
325,0.0,0.0,0.0,0.0,0.0,0.0
326,-0.3078102280991948,-0.31128918537997396,-0.30676507113579776,-0.31889418308784034,-0.7783828265646129,-1.1470050677958783
327,-0.4396088927382776,-0.4470997798839963,-0.43887057639694826,-0.43851349806301193,-1.326572289544515,-0.7862072867204419
328,-0.37618068349124484,-0.3780797800674897,-0.37968685688260606,-0.3773713939611992,-0.8691971733691846,-1.062707682392355
329,-0.42014044187687766,-0.4231671950699734,-0.41987531431874936,-0.41906326138121996,-0.9629523556318371,-1.0542223903205132
330,0.0,0.0,0.0,0.0,0.0,0.0
331,-0.3148273608613085,-0.3205289488316668,-0.32088901731527486,-0.319214162122712,-0.490976710201,-0.5859883011481498
332,-0.37455501470847447,-0.3828574982478843,-0.37519871210724304,-0.37912813025399106,-0.6827486538429689,-0.6898811725299687
333,-0.33899606239336977,-0.3393879252488568,-0.32970444665379806,-0.3377315629408646,-0.9649969863516201,-0.8706699742754793
334,-0.2589044995274937,-0.25933324988614004,-0.2590460927866194,-0.25966810551920333,-0.7799205476707571,-0.7790564056119802
335,0.0,0.0,0.0,0.0,0.0,0.0
336,-0.07967526971175157,-0.07026230333652661,-0.06997990722644544,-0.06997705378369182,-0.39453383139301007,-0.29750393139301
337,-0.08928593568341138,-0.08037629205495621,-0.08928782852644584,-0.07987306498445204,-0.1,-0.1
338,-0.0794803641108644,-0.08016672174545955,-0.07978829363360337,-0.07986941137571493,-0.4907866176567107,-0.5867607607907048
339,-0.09956045942181624,-0.10978595153187834,-0.08987029518499785,-0.08975842559598905,-0.2978910804038907,-0.2974059594316417
340,0.0,0.0,0.0,0.0,0.0,0.0
341,-0.24761526305140877,-0.24170456938921564,-0.23924238306423617,-0.24834878359548407,-0.6855656716642339,-1.3233729838044144
342,-0.2650121285348008,-0.26561139397371286,-0.2592767406403402,-0.2586063106994323,-1.0520901078587046,-0.8672777089518633
343,-0.25833184537234216,-0.2560102958350473,-0.2496713169702485,-0.2579370470814609,-0.8723575597739139,-0.7795325074938098
344,-0.300540193297913,-0.29584512762164233,-0.2994340751548898,-0.30077281621214935,-1.0548787178752697,-0.6831540185798406
345,0.0,0.0,0.0,0.0,0.0,0.0
346,-0.3003336178909795,-0.2909960339660447,-0.2986047837766867,-0.3008450538486478,-1.5863360357321854,-1.143783817595459
347,-0.4442600591830317,-0.4407786988014192,-0.43865108394911567,-0.4389542597261175,-1.05974285211885,-0.8748473973168107
348,-0.3872775006506409,-0.38846829488670276,-0.3792854806490101,-0.37954808126634454,-0.8737676385469091,-0.9663280183767673
349,-0.4376677938455681,-0.44146229021015526,-0.43754420390906046,-0.4328643977288004,-1.8455729549063031,-1.0592057817174276
350,0.0,0.0,0.0,0.0,0.0,0.0
351,-0.3158310616259248,-0.3185700728093824,-0.3177599298064407,-0.31877374083617144,-0.8727812445422732,-1.1403736825867874
352,-0.357485113391129,-0.3615391059914668,-0.3585247534261249,-0.3611668337807231,-0.9680287572985047,-1.0561417582532926
353,-0.3388243146021438,-0.33924057833160515,-0.3377452250670017,-0.33071751298093005,-1.1494228281407002,-0.39748330591570963
354,-0.25856680485101874,-0.268205614614605,-0.25928666868585626,-0.2594144730977728,-0.590978423215236,-1.0515811889459084
355,0.0,0.0,0.0,0.0,0.0,0.0
356,-0.0796714565297731,-0.0701825708688872,-0.06997900349965003,-0.07968468261420394,-0.39443293,-0.29750393129598013
357,-0.07977601664483154,-0.07985590866175146,-0.06997900349965003,-0.07977985873395059,-0.39502189052583614,-0.19909900000000003
358,-0.08917943441230317,-0.0805481681207441,-0.07987306498445204,-0.08947543633692827,-0.2977978165687216,-0.1
359,-0.08967127465266801,-0.09049562671212008,-0.08966818585440604,-0.0900452206050176,-0.29780740288642005,-0.2979004950122855
360,0.0,0.0,0.0,0.0,0.0,0.0
361,-0.27906172039037447,-0.2875812440624209,-0.27859528462744687,-0.27952136515557297,-0.49431422390127683,-0.9614836218621299
362,-0.36918858810199107,-0.3702276949596097,-0.36063082371620225,-0.36836409335678005,-1.6685194147759388,-1.4152439078063463
363,-0.2078323745224851,-0.20266222672178483,-0.21036636872527673,-0.20930482900474728,-0.2980917441733775,-0.3964040340935181
364,-0.2563694357181914,-0.2511812875269557,-0.24936156712070423,-0.24901130040522404,-0.49361410051509264,-0.6857647923993418
365,0.0,0.0,0.0,0.0,0.0,0.0
366,-0.26836320863750085,-0.26821851693151527,-0.2692960984186188,-0.2667791718325965,-0.7753823732251821,-0.3986446869583601
367,-0.39566719402946676,-0.3961387608357198,-0.39597994146419907,-0.3891063110820468,-1.0520003135213956,-1.7514608542581476
368,-0.357699630191238,-0.3590147458010388,-0.35725947522415785,-0.3583157975778673,-1.5848081599191397,-0.6847681175508863
369,-0.4496472907522189,-0.4549338845971738,-0.44883129324217935,-0.44729612048003337,-1.2373586612234815,-1.2397261902882102
370,0.0,0.0,0.0,0.0,0.0,0.0
371,-0.3595085819815413,-0.3616545267871072,-0.3573027806881697,-0.3591803470445788,-0.4930429684565318,-1.2372729593122491
372,-0.2910290478929236,-0.2932467687474046,-0.2891802419916387,-0.2894859868476436,-1.0547727006369587,-0.9610114517219097
373,-0.2756442850584066,-0.27315893948973285,-0.27025230106012194,-0.2696388750151613,-1.1479020421197894,-0.39551750628173943
374,-0.22790293208736978,-0.22159989668688093,-0.22040946885591625,-0.21851703255630187,-0.49423413116161613,-0.7744946144275311
375,0.0,0.0,0.0,0.0,0.0,0.0
376,-0.15355853633961894,-0.15682783121588412,-0.14892381238637173,-0.14979617410916132,-0.29769218880499,-0.2982763736507235
377,-0.11286837928732071,-0.11717571715629002,-0.10959895021367566,-0.10888016014342979,-0.3952274725526332,-0.19999
378,-0.13113329649489977,-0.1389191876373571,-0.1396008603614934,-0.1398174210620238,-0.4922672814617027,-0.3950160409840699
379,-0.027720027721198,-0.03038711755048279,-0.029997000100000004,-0.029997000100000004,-0.1,-0.1
380,0.0,0.0,0.0,0.0,0.0,0.0
381,-0.27911484952035015,-0.28719110053019486,-0.2774071465339428,-0.2783659129325444,-1.0532771873273723,-0.8715831984711278
382,-0.37093783491477483,-0.3724896164277663,-0.3789128489373751,-0.3670339236513793,-1.7572440997459597,-1.4145101840412588
383,-0.21815770454969885,-0.22016827641809383,-0.21957134643497245,-0.21030885092400334,-0.2992785913826817,-0.29918973478812416
384,-0.24908972091093906,-0.24962573869236737,-0.23971562962714368,-0.24855919333523563,-0.29917709029899997,-0.3950199603108995
385,0.0,0.0,0.0,0.0,0.0,0.0
386,-0.2660208361952045,-0.2712682490864407,-0.26939643203069297,-0.26962065260479484,-1.1447806143497623,-0.6847200143426078
387,-0.39752812764502704,-0.39350256896245006,-0.38879197916294167,-0.3878750019828793,-0.9640873115038542,-1.5869290377683716
388,-0.3582960315475671,-0.35767638008583363,-0.3491110151321464,-0.3504652843866005,-1.2354097175640197,-1.1461371312890765
389,-0.4476308515867702,-0.4443818921041832,-0.4485844469474074,-0.44932971434982943,-1.4948232317344214,-1.9986870002182737
390,0.0,0.0,0.0,0.0,0.0,0.0
391,-0.36012538388826876,-0.36453734491114526,-0.35914191081869573,-0.35800930139525194,-0.966890001513711,-1.6697917524944075
392,-0.28610322864309545,-0.29363737815931634,-0.28937558940549124,-0.28671282894101496,-1.0565151276893319,-1.1447512738349601
393,-0.28626850724416714,-0.280946250333066,-0.27932413485009194,-0.2781692633410648,-1.0566609029214218,-0.398050251855938
394,-0.22980338812658524,-0.22926506260620594,-0.22964270615082333,-0.23784509367247933,-0.871405255466112,-0.2994739333927422
395,0.0,0.0,0.0,0.0,0.0,0.0
396,-0.13871043460734023,-0.138293163697136,-0.12962632435978677,-0.15054550441784845,-0.3956001595078781,-0.3951169694244556
397,-0.10015291505538126,-0.09811362711562069,-0.10793809608323164,-0.10032553744262848,-0.3946250394010001,-0.49097966787425107
398,-0.12952346687576194,-0.13931736281835605,-0.12962632435978677,-0.13001271404269468,-0.2991725844199792,-0.3940399
399,-0.0490099501,-0.0404771800969604,-0.03999400039999,-0.0396019801,-0.1,-0.1
400,0.0,0.0,0.0,0.0,0.0,0.0
401,-0.23896345398575128,-0.24318839968687714,-0.2395276154805542,-0.23956983094765266,-0.5888193703351192,-0.4934304397390536
402,-0.26962930975836746,-0.2756277223534597,-0.2783870362425099,-0.2795045815500543,-0.8728676182091739,-0.8674580862729492
403,-0.2695476447106864,-0.2767598987583683,-0.2696397152607465,-0.2690692656358207,-1.060925702867266,-0.9634415761335062
404,-0.4076517506204249,-0.39223706265601355,-0.3928940235776917,-0.39902000524251263,-1.412684665398246,-0.7774627525290564
405,0.0,0.0,0.0,0.0,0.0,0.0
406,-0.2731979527185218,-0.27464639378906325,-0.2693663977163941,-0.27750228205563165,-0.8697724289636309,-0.8700389558833527
407,-0.5050366555344779,-0.5146746252514479,-0.508628497582872,-0.5081012997475634,-1.6776281090995961,-1.5026990464774412
408,-0.24890873845965178,-0.2487417832984967,-0.24938591592416562,-0.24965147352122122,-0.2563640083161738,-0.8695703344691033
409,-0.24838247290091892,-0.24613309596091512,-0.24920238203336695,-0.24953778352432213,-0.25014641987867314,-0.7787565402685608
410,0.0,0.0,0.0,0.0,0.0,0.0
411,-0.2394804575692342,-0.24287245164468485,-0.23860423859026492,-0.23933585148390307,-0.2436931661167428,-0.8681176197289162
412,-0.4184686064884248,-0.4205061116140163,-0.41902169036077536,-0.41770774527417237,-1.0622077802501029,-1.1490658142044494
413,-0.3592700502653675,-0.3595088535144901,-0.35926901554035273,-0.35898005641663777,-0.7771274054577553,-1.0574180904772543
414,-0.25918626023361485,-0.2592073740812392,-0.24959377738597913,-0.25907901841719433,-0.3950218139758921,-0.3972796650453724
415,0.0,0.0,0.0,0.0,0.0,0.0
416,-0.1696805792811309,-0.174603976755876,-0.16956464394351756,-0.17947032932971949,-0.4928111030996047,-0.17779043731507804
417,-0.17955069503691123,-0.18655276080068664,-0.17900508131833645,-0.17937076940749733,-0.2985898777406148,-0.1858209764820887
418,-0.008020000000000001,0.0,0.0,0.0,0.0,0.59402
419,-0.1995749826963761,-0.19536972587923968,-0.19977810387758776,-0.19970361723049448,-0.8695470816568699,-0.2032772571792243
420,0.0,0.0,0.0,0.0,0.0,0.0
421,-0.23951976544552328,-0.2412408056286113,-0.23993897097070763,-0.23941925299672612,-0.9608662884703438,-0.3950141680159102
422,-0.2493293365014595,-0.24920125599347404,-0.251259936308239,-0.2492390675018073,-1.3210604517718307,-0.6820805324162637
423,-0.23872396947269156,-0.24175701585865436,-0.2395534766713191,-0.2397242022937825,-0.590088059467832,-0.5894218473722834
424,-0.2995492426746152,-0.3065181729012229,-0.29776935036812496,-0.29775227878495897,-1.2372650681297035,-1.0544014463637508
425,0.0,0.0,0.0,0.0,0.0,0.0
426,-0.317686565448186,-0.31905674585569677,-0.31566628299101074,-0.3092485792295246,-0.9632449485879815,-0.49246049496629485
427,-0.448719326002131,-0.456246575276315,-0.45162030309141954,-0.44822861844383627,-1.5877180131305542,-0.7821085165925794
428,-0.37760235479474896,-0.3801411219557009,-0.37873474851323324,-0.37905402864993265,-0.9677475320792204,-0.9627489707846532
429,-0.4289563409456485,-0.43550106533198174,-0.4298130454073723,-0.4290857632241123,-1.3344706284004653,-0.8740323010224527
430,0.0,0.0,0.0,0.0,0.0,0.0
431,-0.2993575816463367,-0.30305443447712044,-0.3082929334206896,-0.2990587644801212,-0.49127935422947644,-0.39757994653259976
432,-0.3680954405552161,-0.3699622087455135,-0.3682294353373506,-0.36864720404756957,-1.1463662737046152,-0.8723421091327532
433,-0.3388502015878829,-0.34744233579594047,-0.33879375661866856,-0.3394087146345951,-0.9654853968816327,-1.2418289407515684
434,-0.24967515011135358,-0.2582836397196158,-0.25074897035166926,-0.25728926726052376,-1.0507962835090099,-1.05094109466847
435,0.0,0.0,0.0,0.0,0.0,0.0
436,-0.0796761825680704,-0.07958769190548408,-0.07986818745827037,-0.06997900349965003,-0.199,-0.1
437,-0.07997200559930007,-0.07968472254052303,-0.08957579936189292,-0.0797664692810399,-0.29730502000000003,-0.19909900000000003
438,-0.0694833663209795,-0.0789156455703039,-0.0793869670034213,-0.06997900349965003,-0.2975970898,-0.1
439,-0.08986124689599059,-0.09965821614927602,-0.099466479957704,-0.08996400839874014,-0.58617563658202,-0.19959195047176426
440,0.0,0.0,0.0,0.0,0.0,0.0
441,-0.2390376554062892,-0.23917265121808817,-0.23970043200621396,-0.2565490122776868,-0.4945678933347476,-0.49401169473803974
442,-0.25907274428722327,-0.2679500360299065,-0.25966850127899277,-0.2582427225413175,-0.9634776665867819,-0.9580237787187256
443,-0.24959679505327695,-0.2493118839924279,-0.24789050729316597,-0.24929152832259013,-0.4922552095020083,-0.6855326821398582
444,-0.2994177430095903,-0.3060669328200557,-0.2987150627705301,-0.2972686686162524,-0.7775552120430416,-0.8708214904870458
445,0.0,0.0,0.0,0.0,0.0,0.0
446,-0.3095139771507085,-0.30626058164841413,-0.3071143007914534,-0.31020134286459194,-0.9637833647793589,-0.8729793170942574
447,-0.45567252326665986,-0.46276154706117745,-0.45789599074723114,-0.4644400187155337,-1.15958082358314,-0.9646475802698854
448,-0.37871475092172496,-0.38740250329831705,-0.37905485264913696,-0.3874466462790727,-0.9666420456910579,-0.8710942990061435
449,-0.4487475965559528,-0.4412253573700972,-0.4386837255163463,-0.4352990507249204,-1.14717049323632,-1.2399819978648354
450,0.0,0.0,0.0,0.0,0.0,0.0
451,-0.3187161173370193,-0.3092341686376023,-0.3092258560383115,-0.30903396076610384,-0.5885020483950314,-0.49285704300781125
452,-0.3584242808591523,-0.35916060424226015,-0.359067401334493,-0.36077754924065975,-1.756575782648396,-1.2423208622510755
453,-0.3290428755386268,-0.33876492209656106,-0.32937509390159836,-0.33711725264920445,-0.6851172136749392,-0.968550661090281
454,-0.25944503785396855,-0.2675804595509239,-0.25957164617687173,-0.25800107050225535,-0.39501892286912976,-0.8715979299063125
455,0.0,0.0,0.0,0.0,0.0,0.0
456,-0.07967615346975301,-0.07996439778734178,-0.07967615346975301,-0.07939569642161245,-0.39443581169002,-0.1
457,-0.06988005298975102,-0.07986743530693574,-0.07957722283447123,-0.07958012249640647,-0.4906895113019898,-0.1
458,-0.07938223116807179,-0.08025995758166288,-0.07997200559930007,-0.07919780528444569,-0.39492682024843057,-0.19919701
459,-0.0898650776779536,-0.09003890335761516,-0.08996400839874014,-0.09929213598126524,-0.19929599029900003,-0.1
460,0.0,0.0,0.0,0.0,0.0,0.0
461,-0.2795013033810348,-0.27984492172663444,-0.2699865222731045,-0.27720087812912514,-0.77904351128559,-0.7764253961025002
462,-0.3773860903786356,-0.3837519999582605,-0.37675971782666967,-0.37905517891257584,-0.8740187864042175,-1.0581144742080597
463,-0.19980817645619464,-0.1996452508707133,-0.20939835178488408,-0.19971032325249086,-0.19999,-0.683314690908293
464,-0.2494918830570762,-0.24976688605115271,-0.2486071765020771,-0.24970022987355311,-0.5902909596587365,-0.8693674498018302
465,0.0,0.0,0.0,0.0,0.0,0.0
466,-0.24931668612338898,-0.2507026522691839,-0.26701854654094664,-0.24960869575923073,-0.29740301049601003,-0.49430837990661114
467,-0.4072501599428788,-0.4084381152076783,-0.40093510645220126,-0.3987490213209415,-0.8737034033106764,-0.6834133138670911
468,-0.35675595860128634,-0.3594137870107411,-0.3502358340484977,-0.35877748669405124,-1.2402351590674885,-0.9626588761630273
469,-0.4557147863183602,-0.458329701002602,-0.45720805345999566,-0.455009623108185,-1.4069067640129789,-0.875619890020166
470,0.0,0.0,0.0,0.0,0.0,0.0
471,-0.36886040687611993,-0.3669228704001183,-0.36965925007613104,-0.3682890650434404,-0.4955974181887583,-1.3221406265571538
472,-0.23904720222137013,-0.2459744477006458,-0.24251067578686422,-0.23911924727620926,-0.2419276886642707,-0.8690561311195881
473,-0.23951333890033863,-0.24176655297211638,-0.23242135789387322,-0.2396224398683796,-0.24858716212896112,-0.9598200985444837
474,-0.19776841860774458,-0.20132207896126456,-0.2010021520243436,-0.1995607042827387,-0.20451775415114093,-0.49233659183275214
475,0.0,0.0,0.0,0.0,0.0,0.0
476,-0.17970914535600924,-0.1947099518537953,-0.1768131595982851,-0.17848256864888015,-0.4931438476422564,-0.18416827049056456
477,-0.15948609091740418,-0.16514044106109793,-0.1578312628935764,-0.159688114941759,-0.49234634843472735,-0.16602076251147171
478,-0.14969736011821191,-0.1586023240279724,-0.15832187352020127,-0.14959940039117806,-0.199690908978558,-0.15146018241058057
479,0.0,-0.01,0.0,-0.01,0.0,1.3586930418602
480,0.0,0.0,0.0,0.0,0.0,0.0
481,-0.26888194122161363,-0.28097690966926403,-0.2685087876961049,-0.27000292204071635,-0.29927607040198984,-0.5869603239705626
482,-0.3757048181313957,-0.3772399264796921,-0.3751334198712842,-0.37936529749383463,-1.5014382550434529,-1.2415508858543811
483,-0.20949662205803615,-0.21096629175323578,-0.20978717996646556,-0.20876131568163953,-0.39640080479209905,-0.39492290188505974
484,-0.2492121965538131,-0.24969362915370366,-0.23971931331028262,-0.2485717992883617,-0.2996718054083427,-0.5897878076132101
485,0.0,0.0,0.0,0.0,0.0,0.0
486,-0.25863682930708254,-0.25977554108726425,-0.25932197607994034,-0.25184563267493343,-0.49444821984260845,-1.0519013648829731
487,-0.4068061358874575,-0.40626360125503447,-0.4083847282839247,-0.40867827068557233,-0.780940076377885,-1.062413696099204
488,-0.35792444483396696,-0.3486439239609209,-0.34920080317455965,-0.3574341812551995,-1.2372307340356241,-0.6836150150442784
489,-0.4469307992212443,-0.44731156100121766,-0.44830783746068903,-0.4494947907348946,-0.6831397859887516,-1.2392015292788023
490,0.0,0.0,0.0,0.0,0.0,0.0
491,-0.3691252611252803,-0.36924168294096443,-0.36866410504422487,-0.3686903255580934,-0.9681825397656363,-0.7818669510728591
492,-0.2695570018422676,-0.27119501185212574,-0.26962590702308475,-0.2642923401835759,-1.2318933765377351,-0.5911849540085453
493,-0.2588786345060325,-0.26068218282753747,-0.2592647680121826,-0.26566265958852847,-0.869755569207557,-0.4947717907323295
494,-0.21898011542549362,-0.21987374196915743,-0.2184096507443715,-0.21665278371153204,-0.8690658382060621,-1.054883007446489
495,0.0,0.0,0.0,0.0,0.0,0.0
496,-0.15943896106400146,-0.15605489720335658,-0.14983918823726405,-0.15822982075971814,-0.7749745233578214,-0.7735263439287791
497,-0.12962341569275784,-0.12815647862999843,-0.12982313743841764,-0.1307280857169564,-0.5874327662141343,-0.297501030199
498,-0.13970568397584068,-0.14701449576048162,-0.13990032096156385,-0.13946364334507852,-0.4914550578118612,-0.1991979901
499,-0.0199,-0.030093049900000002,-0.01,-0.008235829880200001,-0.1,-0.1
